[
    {
        "Country": "Portugal",
        "Slug": "portugal",
        "ISO2": "PT"
    },
    {
        "Country": "Somalia",
        "Slug": "somalia",
        "ISO2": "SO"
    },
    {
        "Country": "Antarctica",
        "Slug": "antarctica",
        "ISO2": "AQ"
    },
    {
        "Country": "China",
        "Slug": "china",
        "ISO2": "CN"
    },
    {
        "Country": "Jamaica",
        "Slug": "jamaica",
        "ISO2": "JM"
    },
    {
        "Country": "Zambia",
        "Slug": "zambia",
        "ISO2": "ZM"
    },
    {
        "Country": "Paraguay",
        "Slug": "paraguay",
        "ISO2": "PY"
    },
    {
        "Country": "Saint Kitts and Nevis",
        "Slug": "saint-kitts-and-nevis",
        "ISO2": "KN"
    },
    {
        "Country": "Samoa",
        "Slug": "samoa",
        "ISO2": "WS"
    },
    {
        "Country": "Guinea-Bissau",
        "Slug": "guinea-bissau",
        "ISO2": "GW"
    },
    {
        "Country": "Iceland",
        "Slug": "iceland",
        "ISO2": "IS"
    },
    {
        "Country": "Kyrgyzstan",
        "Slug": "kyrgyzstan",
        "ISO2": "KG"
    },
    {
        "Country": "Latvia",
        "Slug": "latvia",
        "ISO2": "LV"
    },
    {
        "Country": "Libya",
        "Slug": "libya",
        "ISO2": "LY"
    },
    {
        "Country": "Uzbekistan",
        "Slug": "uzbekistan",
        "ISO2": "UZ"
    },
    {
        "Country": "Cameroon",
        "Slug": "cameroon",
        "ISO2": "CM"
    },
    {
        "Country": "South Sudan",
        "Slug": "south-sudan",
        "ISO2": "SS"
    },
    {
        "Country": "Syrian Arab Republic (Syria)",
        "Slug": "syria",
        "ISO2": "SY"
    },
    {
        "Country": "Trinidad and Tobago",
        "Slug": "trinidad-and-tobago",
        "ISO2": "TT"
    },
    {
        "Country": "Mauritania",
        "Slug": "mauritania",
        "ISO2": "MR"
    },
    {
        "Country": "Oman",
        "Slug": "oman",
        "ISO2": "OM"
    },
    {
        "Country": "Switzerland",
        "Slug": "switzerland",
        "ISO2": "CH"
    },
    {
        "Country": "Tuvalu",
        "Slug": "tuvalu",
        "ISO2": "TV"
    },
    {
        "Country": "Guyana",
        "Slug": "guyana",
        "ISO2": "GY"
    },
    {
        "Country": "New Zealand",
        "Slug": "new-zealand",
        "ISO2": "NZ"
    },
    {
        "Country": "Northern Mariana Islands",
        "Slug": "northern-mariana-islands",
        "ISO2": "MP"
    },
    {
        "Country": "Réunion",
        "Slug": "réunion",
        "ISO2": "RE"
    },
    {
        "Country": "Papua New Guinea",
        "Slug": "papua-new-guinea",
        "ISO2": "PG"
    },
    {
        "Country": "Russian Federation",
        "Slug": "russia",
        "ISO2": "RU"
    },
    {
        "Country": "Denmark",
        "Slug": "denmark",
        "ISO2": "DK"
    },
    {
        "Country": "Dominica",
        "Slug": "dominica",
        "ISO2": "DM"
    },
    {
        "Country": "Kazakhstan",
        "Slug": "kazakhstan",
        "ISO2": "KZ"
    },
    {
        "Country": "Saint-Barthélemy",
        "Slug": "saint-barthélemy",
        "ISO2": "BL"
    },
    {
        "Country": "Ukraine",
        "Slug": "ukraine",
        "ISO2": "UA"
    },
    {
        "Country": "Nigeria",
        "Slug": "nigeria",
        "ISO2": "NG"
    },
    {
        "Country": "Australia",
        "Slug": "australia",
        "ISO2": "AU"
    },
    {
        "Country": "Bolivia",
        "Slug": "bolivia",
        "ISO2": "BO"
    },
    {
        "Country": "Korea (North)",
        "Slug": "korea-north",
        "ISO2": "KP"
    },
    {
        "Country": "Peru",
        "Slug": "peru",
        "ISO2": "PE"
    },
    {
        "Country": "Tanzania, United Republic of",
        "Slug": "tanzania",
        "ISO2": "TZ"
    },
    {
        "Country": "Tokelau",
        "Slug": "tokelau",
        "ISO2": "TK"
    },
    {
        "Country": "Micronesia, Federated States of",
        "Slug": "micronesia",
        "ISO2": "FM"
    },
    {
        "Country": "Morocco",
        "Slug": "morocco",
        "ISO2": "MA"
    },
    {
        "Country": "Falkland Islands (Malvinas)",
        "Slug": "falkland-islands-malvinas",
        "ISO2": "FK"
    },
    {
        "Country": "Guatemala",
        "Slug": "guatemala",
        "ISO2": "GT"
    },
    {
        "Country": "Macao, SAR China",
        "Slug": "macao-sar-china",
        "ISO2": "MO"
    },
    {
        "Country": "Palestinian Territory",
        "Slug": "palestine",
        "ISO2": "PS"
    },
    {
        "Country": "Senegal",
        "Slug": "senegal",
        "ISO2": "SN"
    },
    {
        "Country": "Republic of Kosovo",
        "Slug": "kosovo",
        "ISO2": "XK"
    },
    {
        "Country": "Sweden",
        "Slug": "sweden",
        "ISO2": "SE"
    },
    {
        "Country": "Argentina",
        "Slug": "argentina",
        "ISO2": "AR"
    },
    {
        "Country": "Gibraltar",
        "Slug": "gibraltar",
        "ISO2": "GI"
    },
    {
        "Country": "Liechtenstein",
        "Slug": "liechtenstein",
        "ISO2": "LI"
    },
    {
        "Country": "Mexico",
        "Slug": "mexico",
        "ISO2": "MX"
    },
    {
        "Country": "Palau",
        "Slug": "palau",
        "ISO2": "PW"
    },
    {
        "Country": "Central African Republic",
        "Slug": "central-african-republic",
        "ISO2": "CF"
    },
    {
        "Country": "Comoros",
        "Slug": "comoros",
        "ISO2": "KM"
    },
    {
        "Country": "Hong Kong, SAR China",
        "Slug": "hong-kong-sar-china",
        "ISO2": "HK"
    },
    {
        "Country": "Armenia",
        "Slug": "armenia",
        "ISO2": "AM"
    },
    {
        "Country": "Bhutan",
        "Slug": "bhutan",
        "ISO2": "BT"
    },
    {
        "Country": "Indonesia",
        "Slug": "indonesia",
        "ISO2": "ID"
    },
    {
        "Country": "Iran, Islamic Republic of",
        "Slug": "iran",
        "ISO2": "IR"
    },
    {
        "Country": "Kuwait",
        "Slug": "kuwait",
        "ISO2": "KW"
    },
    {
        "Country": "Saint Pierre and Miquelon",
        "Slug": "saint-pierre-and-miquelon",
        "ISO2": "PM"
    },
    {
        "Country": "Afghanistan",
        "Slug": "afghanistan",
        "ISO2": "AF"
    },
    {
        "Country": "Congo (Kinshasa)",
        "Slug": "congo-kinshasa",
        "ISO2": "CD"
    },
    {
        "Country": "Czech Republic",
        "Slug": "czech-republic",
        "ISO2": "CZ"
    },
    {
        "Country": "Finland",
        "Slug": "finland",
        "ISO2": "FI"
    },
    {
        "Country": "Sierra Leone",
        "Slug": "sierra-leone",
        "ISO2": "SL"
    },
    {
        "Country": "Venezuela (Bolivarian Republic)",
        "Slug": "venezuela",
        "ISO2": "VE"
    },
    {
        "Country": "Saint-Martin (French part)",
        "Slug": "saint-martin-french-part",
        "ISO2": "MF"
    },
    {
        "Country": "Svalbard and Jan Mayen Islands",
        "Slug": "svalbard-and-jan-mayen-islands",
        "ISO2": "SJ"
    },
    {
        "Country": "Ethiopia",
        "Slug": "ethiopia",
        "ISO2": "ET"
    },
    {
        "Country": "Greece",
        "Slug": "greece",
        "ISO2": "GR"
    },
    {
        "Country": "Montserrat",
        "Slug": "montserrat",
        "ISO2": "MS"
    },
    {
        "Country": "Norway",
        "Slug": "norway",
        "ISO2": "NO"
    },
    {
        "Country": "Vanuatu",
        "Slug": "vanuatu",
        "ISO2": "VU"
    },
    {
        "Country": "Barbados",
        "Slug": "barbados",
        "ISO2": "BB"
    },
    {
        "Country": "Luxembourg",
        "Slug": "luxembourg",
        "ISO2": "LU"
    },
    {
        "Country": "Namibia",
        "Slug": "namibia",
        "ISO2": "NA"
    },
    {
        "Country": "Nauru",
        "Slug": "nauru",
        "ISO2": "NR"
    },
    {
        "Country": "South Africa",
        "Slug": "south-africa",
        "ISO2": "ZA"
    },
    {
        "Country": "Andorra",
        "Slug": "andorra",
        "ISO2": "AD"
    },
    {
        "Country": "Colombia",
        "Slug": "colombia",
        "ISO2": "CO"
    },
    {
        "Country": "Malta",
        "Slug": "malta",
        "ISO2": "MT"
    },
    {
        "Country": "Togo",
        "Slug": "togo",
        "ISO2": "TG"
    },
    {
        "Country": "Slovakia",
        "Slug": "slovakia",
        "ISO2": "SK"
    },
    {
        "Country": "Turks and Caicos Islands",
        "Slug": "turks-and-caicos-islands",
        "ISO2": "TC"
    },
    {
        "Country": "Bahamas",
        "Slug": "bahamas",
        "ISO2": "BS"
    },
    {
        "Country": "Botswana",
        "Slug": "botswana",
        "ISO2": "BW"
    },
    {
        "Country": "Congo (Brazzaville)",
        "Slug": "congo-brazzaville",
        "ISO2": "CG"
    },
    {
        "Country": "Cyprus",
        "Slug": "cyprus",
        "ISO2": "CY"
    },
    {
        "Country": "Marshall Islands",
        "Slug": "marshall-islands",
        "ISO2": "MH"
    },
    {
        "Country": "Pakistan",
        "Slug": "pakistan",
        "ISO2": "PK"
    },
    {
        "Country": "Burundi",
        "Slug": "burundi",
        "ISO2": "BI"
    },
    {
        "Country": "Holy See (Vatican City State)",
        "Slug": "holy-see-vatican-city-state",
        "ISO2": "VA"
    },
    {
        "Country": "Benin",
        "Slug": "benin",
        "ISO2": "BJ"
    },
    {
        "Country": "Chile",
        "Slug": "chile",
        "ISO2": "CL"
    },
    {
        "Country": "Jordan",
        "Slug": "jordan",
        "ISO2": "JO"
    },
    {
        "Country": "Netherlands Antilles",
        "Slug": "netherlands-antilles",
        "ISO2": "AN"
    },
    {
        "Country": "Belarus",
        "Slug": "belarus",
        "ISO2": "BY"
    },
    {
        "Country": "Maldives",
        "Slug": "maldives",
        "ISO2": "MV"
    },
    {
        "Country": "Sao Tome and Principe",
        "Slug": "sao-tome-and-principe",
        "ISO2": "ST"
    },
    {
        "Country": "South Georgia and the South Sandwich Islands",
        "Slug": "south-georgia-and-the-south-sandwich-islands",
        "ISO2": "GS"
    },
    {
        "Country": "Spain",
        "Slug": "spain",
        "ISO2": "ES"
    },
    {
        "Country": "Cook Islands",
        "Slug": "cook-islands",
        "ISO2": "CK"
    },
    {
        "Country": "Guam",
        "Slug": "guam",
        "ISO2": "GU"
    },
    {
        "Country": "Thailand",
        "Slug": "thailand",
        "ISO2": "TH"
    },
    {
        "Country": "Eritrea",
        "Slug": "eritrea",
        "ISO2": "ER"
    },
    {
        "Country": "Gambia",
        "Slug": "gambia",
        "ISO2": "GM"
    },
    {
        "Country": "Malawi",
        "Slug": "malawi",
        "ISO2": "MW"
    },
    {
        "Country": "Poland",
        "Slug": "poland",
        "ISO2": "PL"
    },
    {
        "Country": "Saudi Arabia",
        "Slug": "saudi-arabia",
        "ISO2": "SA"
    },
    {
        "Country": "Solomon Islands",
        "Slug": "solomon-islands",
        "ISO2": "SB"
    },
    {
        "Country": "Lebanon",
        "Slug": "lebanon",
        "ISO2": "LB"
    },
    {
        "Country": "Norfolk Island",
        "Slug": "norfolk-island",
        "ISO2": "NF"
    },
    {
        "Country": "Bermuda",
        "Slug": "bermuda",
        "ISO2": "BM"
    },
    {
        "Country": "Cambodia",
        "Slug": "cambodia",
        "ISO2": "KH"
    },
    {
        "Country": "Egypt",
        "Slug": "egypt",
        "ISO2": "EG"
    },
    {
        "Country": "Nepal",
        "Slug": "nepal",
        "ISO2": "NP"
    },
    {
        "Country": "Virgin Islands, US",
        "Slug": "virgin-islands",
        "ISO2": "VI"
    },
    {
        "Country": "Ghana",
        "Slug": "ghana",
        "ISO2": "GH"
    },
    {
        "Country": "Hungary",
        "Slug": "hungary",
        "ISO2": "HU"
    },
    {
        "Country": "Pitcairn",
        "Slug": "pitcairn",
        "ISO2": "PN"
    },
    {
        "Country": "Lao PDR",
        "Slug": "lao-pdr",
        "ISO2": "LA"
    },
    {
        "Country": "Qatar",
        "Slug": "qatar",
        "ISO2": "QA"
    },
    {
        "Country": "Suriname",
        "Slug": "suriname",
        "ISO2": "SR"
    },
    {
        "Country": "Swaziland",
        "Slug": "swaziland",
        "ISO2": "SZ"
    },
    {
        "Country": "Austria",
        "Slug": "austria",
        "ISO2": "AT"
    },
    {
        "Country": "India",
        "Slug": "india",
        "ISO2": "IN"
    },
    {
        "Country": "Iraq",
        "Slug": "iraq",
        "ISO2": "IQ"
    },
    {
        "Country": "Moldova",
        "Slug": "moldova",
        "ISO2": "MD"
    },
    {
        "Country": "Monaco",
        "Slug": "monaco",
        "ISO2": "MC"
    },
    {
        "Country": "Serbia",
        "Slug": "serbia",
        "ISO2": "RS"
    },
    {
        "Country": "Macedonia, Republic of",
        "Slug": "macedonia",
        "ISO2": "MK"
    },
    {
        "Country": "Philippines",
        "Slug": "philippines",
        "ISO2": "PH"
    },
    {
        "Country": "Bulgaria",
        "Slug": "bulgaria",
        "ISO2": "BG"
    },
    {
        "Country": "New Caledonia",
        "Slug": "new-caledonia",
        "ISO2": "NC"
    },
    {
        "Country": "Saint Lucia",
        "Slug": "saint-lucia",
        "ISO2": "LC"
    },
    {
        "Country": "Yemen",
        "Slug": "yemen",
        "ISO2": "YE"
    },
    {
        "Country": "Croatia",
        "Slug": "croatia",
        "ISO2": "HR"
    },
    {
        "Country": "Heard and Mcdonald Islands",
        "Slug": "heard-and-mcdonald-islands",
        "ISO2": "HM"
    },
    {
        "Country": "Honduras",
        "Slug": "honduras",
        "ISO2": "HN"
    },
    {
        "Country": "Korea (South)",
        "Slug": "korea-south",
        "ISO2": "KR"
    },
    {
        "Country": "Turkey",
        "Slug": "turkey",
        "ISO2": "TR"
    },
    {
        "Country": "Turkmenistan",
        "Slug": "turkmenistan",
        "ISO2": "TM"
    },
    {
        "Country": "Angola",
        "Slug": "angola",
        "ISO2": "AO"
    },
    {
        "Country": "Equatorial Guinea",
        "Slug": "equatorial-guinea",
        "ISO2": "GQ"
    },
    {
        "Country": "Malaysia",
        "Slug": "malaysia",
        "ISO2": "MY"
    },
    {
        "Country": "Montenegro",
        "Slug": "montenegro",
        "ISO2": "ME"
    },
    {
        "Country": "Bouvet Island",
        "Slug": "bouvet-island",
        "ISO2": "BV"
    },
    {
        "Country": "US Minor Outlying Islands",
        "Slug": "us-minor-outlying-islands",
        "ISO2": "UM"
    },
    {
        "Country": "Brunei Darussalam",
        "Slug": "brunei",
        "ISO2": "BN"
    },
    {
        "Country": "Canada",
        "Slug": "canada",
        "ISO2": "CA"
    },
    {
        "Country": "Madagascar",
        "Slug": "madagascar",
        "ISO2": "MG"
    },
    {
        "Country": "Romania",
        "Slug": "romania",
        "ISO2": "RO"
    },
    {
        "Country": "Viet Nam",
        "Slug": "vietnam",
        "ISO2": "VN"
    },
    {
        "Country": "Azerbaijan",
        "Slug": "azerbaijan",
        "ISO2": "AZ"
    },
    {
        "Country": "British Virgin Islands",
        "Slug": "british-virgin-islands",
        "ISO2": "VG"
    },
    {
        "Country": "Haiti",
        "Slug": "haiti",
        "ISO2": "HT"
    },
    {
        "Country": "Jersey",
        "Slug": "jersey",
        "ISO2": "JE"
    },
    {
        "Country": "Uruguay",
        "Slug": "uruguay",
        "ISO2": "UY"
    },
    {
        "Country": "American Samoa",
        "Slug": "american-samoa",
        "ISO2": "AS"
    },
    {
        "Country": "Côte d'Ivoire",
        "Slug": "cote-divoire",
        "ISO2": "CI"
    },
    {
        "Country": "Italy",
        "Slug": "italy",
        "ISO2": "IT"
    },
    {
        "Country": "Kiribati",
        "Slug": "kiribati",
        "ISO2": "KI"
    },
    {
        "Country": "Aruba",
        "Slug": "aruba",
        "ISO2": "AW"
    },
    {
        "Country": "Myanmar",
        "Slug": "myanmar",
        "ISO2": "MM"
    },
    {
        "Country": "Sudan",
        "Slug": "sudan",
        "ISO2": "SD"
    },
    {
        "Country": "Taiwan, Republic of China",
        "Slug": "taiwan",
        "ISO2": "TW"
    },
    {
        "Country": "Guernsey",
        "Slug": "guernsey",
        "ISO2": "GG"
    },
    {
        "Country": "Kenya",
        "Slug": "kenya",
        "ISO2": "KE"
    },
    {
        "Country": "Lesotho",
        "Slug": "lesotho",
        "ISO2": "LS"
    },
    {
        "Country": "Panama",
        "Slug": "panama",
        "ISO2": "PA"
    },
    {
        "Country": "Guinea",
        "Slug": "guinea",
        "ISO2": "GN"
    },
    {
        "Country": "Liberia",
        "Slug": "liberia",
        "ISO2": "LR"
    },
    {
        "Country": "Tonga",
        "Slug": "tonga",
        "ISO2": "TO"
    },
    {
        "Country": "Costa Rica",
        "Slug": "costa-rica",
        "ISO2": "CR"
    },
    {
        "Country": "Cuba",
        "Slug": "cuba",
        "ISO2": "CU"
    },
    {
        "Country": "Isle of Man",
        "Slug": "isle-of-man",
        "ISO2": "IM"
    },
    {
        "Country": "Antigua and Barbuda",
        "Slug": "antigua-and-barbuda",
        "ISO2": "AG"
    },
    {
        "Country": "ALA Aland Islands",
        "Slug": "ala-aland-islands",
        "ISO2": "AX"
    },
    {
        "Country": "Bahrain",
        "Slug": "bahrain",
        "ISO2": "BH"
    },
    {
        "Country": "Belgium",
        "Slug": "belgium",
        "ISO2": "BE"
    },
    {
        "Country": "Chad",
        "Slug": "chad",
        "ISO2": "TD"
    },
    {
        "Country": "Cocos (Keeling) Islands",
        "Slug": "cocos-keeling-islands",
        "ISO2": "CC"
    },
    {
        "Country": "Uganda",
        "Slug": "uganda",
        "ISO2": "UG"
    },
    {
        "Country": "United Arab Emirates",
        "Slug": "united-arab-emirates",
        "ISO2": "AE"
    },
    {
        "Country": "Bosnia and Herzegovina",
        "Slug": "bosnia-and-herzegovina",
        "ISO2": "BA"
    },
    {
        "Country": "Brazil",
        "Slug": "brazil",
        "ISO2": "BR"
    },
    {
        "Country": "Israel",
        "Slug": "israel",
        "ISO2": "IL"
    },
    {
        "Country": "Mongolia",
        "Slug": "mongolia",
        "ISO2": "MN"
    },
    {
        "Country": "Timor-Leste",
        "Slug": "timor-leste",
        "ISO2": "TL"
    },
    {
        "Country": "Wallis and Futuna Islands",
        "Slug": "wallis-and-futuna-islands",
        "ISO2": "WF"
    },
    {
        "Country": "French Polynesia",
        "Slug": "french-polynesia",
        "ISO2": "PF"
    },
    {
        "Country": "Seychelles",
        "Slug": "seychelles",
        "ISO2": "SC"
    },
    {
        "Country": "Mozambique",
        "Slug": "mozambique",
        "ISO2": "MZ"
    },
    {
        "Country": "San Marino",
        "Slug": "san-marino",
        "ISO2": "SM"
    },
    {
        "Country": "British Indian Ocean Territory",
        "Slug": "british-indian-ocean-territory",
        "ISO2": "IO"
    },
    {
        "Country": "Ecuador",
        "Slug": "ecuador",
        "ISO2": "EC"
    },
    {
        "Country": "French Southern Territories",
        "Slug": "french-southern-territories",
        "ISO2": "TF"
    },
    {
        "Country": "Gabon",
        "Slug": "gabon",
        "ISO2": "GA"
    },
    {
        "Country": "Nicaragua",
        "Slug": "nicaragua",
        "ISO2": "NI"
    },
    {
        "Country": "Niger",
        "Slug": "niger",
        "ISO2": "NE"
    },
    {
        "Country": "Rwanda",
        "Slug": "rwanda",
        "ISO2": "RW"
    },
    {
        "Country": "Burkina Faso",
        "Slug": "burkina-faso",
        "ISO2": "BF"
    },
    {
        "Country": "United Kingdom",
        "Slug": "united-kingdom",
        "ISO2": "GB"
    },
    {
        "Country": "Algeria",
        "Slug": "algeria",
        "ISO2": "DZ"
    },
    {
        "Country": "Anguilla",
        "Slug": "anguilla",
        "ISO2": "AI"
    },
    {
        "Country": "France",
        "Slug": "france",
        "ISO2": "FR"
    },
    {
        "Country": "Mali",
        "Slug": "mali",
        "ISO2": "ML"
    },
    {
        "Country": "El Salvador",
        "Slug": "el-salvador",
        "ISO2": "SV"
    },
    {
        "Country": "Japan",
        "Slug": "japan",
        "ISO2": "JP"
    },
    {
        "Country": "Saint Vincent and Grenadines",
        "Slug": "saint-vincent-and-the-grenadines",
        "ISO2": "VC"
    },
    {
        "Country": "Germany",
        "Slug": "germany",
        "ISO2": "DE"
    },
    {
        "Country": "Tunisia",
        "Slug": "tunisia",
        "ISO2": "TN"
    },
    {
        "Country": "Mauritius",
        "Slug": "mauritius",
        "ISO2": "MU"
    },
    {
        "Country": "Sri Lanka",
        "Slug": "sri-lanka",
        "ISO2": "LK"
    },
    {
        "Country": "Cayman Islands",
        "Slug": "cayman-islands",
        "ISO2": "KY"
    },
    {
        "Country": "Christmas Island",
        "Slug": "christmas-island",
        "ISO2": "CX"
    },
    {
        "Country": "Greenland",
        "Slug": "greenland",
        "ISO2": "GL"
    },
    {
        "Country": "Zimbabwe",
        "Slug": "zimbabwe",
        "ISO2": "ZW"
    },
    {
        "Country": "Bangladesh",
        "Slug": "bangladesh",
        "ISO2": "BD"
    },
    {
        "Country": "Fiji",
        "Slug": "fiji",
        "ISO2": "FJ"
    },
    {
        "Country": "Guadeloupe",
        "Slug": "guadeloupe",
        "ISO2": "GP"
    },
    {
        "Country": "Slovenia",
        "Slug": "slovenia",
        "ISO2": "SI"
    },
    {
        "Country": "Western Sahara",
        "Slug": "western-sahara",
        "ISO2": "EH"
    },
    {
        "Country": "Puerto Rico",
        "Slug": "puerto-rico",
        "ISO2": "PR"
    },
    {
        "Country": "Albania",
        "Slug": "albania",
        "ISO2": "AL"
    },
    {
        "Country": "Cape Verde",
        "Slug": "cape-verde",
        "ISO2": "CV"
    },
    {
        "Country": "Georgia",
        "Slug": "georgia",
        "ISO2": "GE"
    },
    {
        "Country": "Lithuania",
        "Slug": "lithuania",
        "ISO2": "LT"
    },
    {
        "Country": "French Guiana",
        "Slug": "french-guiana",
        "ISO2": "GF"
    },
    {
        "Country": "Grenada",
        "Slug": "grenada",
        "ISO2": "GD"
    },
    {
        "Country": "Saint Helena",
        "Slug": "saint-helena",
        "ISO2": "SH"
    },
    {
        "Country": "Tajikistan",
        "Slug": "tajikistan",
        "ISO2": "TJ"
    },
    {
        "Country": "United States of America",
        "Slug": "united-states",
        "ISO2": "US"
    },
    {
        "Country": "Djibouti",
        "Slug": "djibouti",
        "ISO2": "DJ"
    },
    {
        "Country": "Dominican Republic",
        "Slug": "dominican-republic",
        "ISO2": "DO"
    },
    {
        "Country": "Estonia",
        "Slug": "estonia",
        "ISO2": "EE"
    },
    {
        "Country": "Niue",
        "Slug": "niue",
        "ISO2": "NU"
    },
    {
        "Country": "Singapore",
        "Slug": "singapore",
        "ISO2": "SG"
    },
    {
        "Country": "Faroe Islands",
        "Slug": "faroe-islands",
        "ISO2": "FO"
    },
    {
        "Country": "Ireland",
        "Slug": "ireland",
        "ISO2": "IE"
    },
    {
        "Country": "Martinique",
        "Slug": "martinique",
        "ISO2": "MQ"
    },
    {
        "Country": "Belize",
        "Slug": "belize",
        "ISO2": "BZ"
    },
    {
        "Country": "Mayotte",
        "Slug": "mayotte",
        "ISO2": "YT"
    },
    {
        "Country": "Netherlands",
        "Slug": "netherlands",
        "ISO2": "NL"
    }
]
